t_unix,bottle_x,bottle_y,bottle_z,t_proc
969.813936036,1.2404601811555833,-5.922854232175571,40.379816416929486,2.6912516799999366
